model,fpr,tpr
Logistic Regression,0.0,0.0
Logistic Regression,0.0,0.002857142857142857
Logistic Regression,0.0,0.16285714285714287
Logistic Regression,0.0003332222592469177,0.16285714285714287
Logistic Regression,0.0003332222592469177,0.18285714285714286
Logistic Regression,0.000999666777740753,0.18285714285714286
Logistic Regression,0.000999666777740753,0.18571428571428572
Logistic Regression,0.0013328890369876708,0.18571428571428572
Logistic Regression,0.0013328890369876708,0.18857142857142858
Logistic Regression,0.0023325558147284237,0.18857142857142858
Logistic Regression,0.0023325558147284237,0.19428571428571428
Logistic Regression,0.0026657780739753416,0.19428571428571428
Logistic Regression,0.0026657780739753416,0.19714285714285715
Logistic Regression,0.0036654448517160947,0.19714285714285715
Logistic Regression,0.0036654448517160947,0.2057142857142857
Logistic Regression,0.003998667110963012,0.2057142857142857
Logistic Regression,0.003998667110963012,0.21142857142857144
Logistic Regression,0.00433188937020993,0.21142857142857144
Logistic Regression,0.00433188937020993,0.21428571428571427
Logistic Regression,0.004665111629456847,0.21428571428571427
Logistic Regression,0.004665111629456847,0.22285714285714286
Logistic Regression,0.004998333888703766,0.22285714285714286
Logistic Regression,0.004998333888703766,0.22857142857142856
Logistic Regression,0.005664778407197601,0.22857142857142856
Logistic Regression,0.005664778407197601,0.23142857142857143
Logistic Regression,0.005998000666444518,0.23142857142857143
Logistic Regression,0.005998000666444518,0.24857142857142858
Logistic Regression,0.006331222925691436,0.24857142857142858
Logistic Regression,0.006331222925691436,0.25142857142857145
Logistic Regression,0.006997667444185272,0.25142857142857145
Logistic Regression,0.006997667444185272,0.2542857142857143
Logistic Regression,0.008330556481172943,0.2542857142857143
Logistic Regression,0.008330556481172943,0.2571428571428571
Logistic Regression,0.00866377874041986,0.2571428571428571
Logistic Regression,0.00866377874041986,0.26
Logistic Regression,0.009996667777407531,0.26
Logistic Regression,0.009996667777407531,0.26857142857142857
Logistic Regression,0.012662445851382872,0.26857142857142857
Logistic Regression,0.012662445851382872,0.2714285714285714
Logistic Regression,0.01432855714761746,0.2714285714285714
Logistic Regression,0.01432855714761746,0.2742857142857143
Logistic Regression,0.01599466844385205,0.2742857142857143
Logistic Regression,0.01599466844385205,0.27714285714285714
Logistic Regression,0.017994001999333556,0.27714285714285714
Logistic Regression,0.017994001999333556,0.28
Logistic Regression,0.01866044651782739,0.28
Logistic Regression,0.01866044651782739,0.28285714285714286
Logistic Regression,0.020993002332555816,0.28285714285714286
Logistic Regression,0.020993002332555816,0.2885714285714286
Logistic Regression,0.021326224591802733,0.2885714285714286
Logistic Regression,0.021326224591802733,0.2914285714285714
Logistic Regression,0.022659113628790403,0.2914285714285714
Logistic Regression,0.022659113628790403,0.29428571428571426
Logistic Regression,0.02299233588803732,0.29428571428571426
Logistic Regression,0.02299233588803732,0.3028571428571429
Logistic Regression,0.025324891702765744,0.3028571428571429
Logistic Regression,0.025324891702765744,0.3057142857142857
Logistic Regression,0.02599133622125958,0.3057142857142857
Logistic Regression,0.02599133622125958,0.30857142857142855
Logistic Regression,0.02732422525824725,0.30857142857142855
Logistic Regression,0.02732422525824725,0.3142857142857143
Logistic Regression,0.027990669776741087,0.3142857142857143
Logistic Regression,0.027990669776741087,0.3171428571428571
Logistic Regression,0.03032322559146951,0.3171428571428571
Logistic Regression,0.03032322559146951,0.32
Logistic Regression,0.0319893368877041,0.32
Logistic Regression,0.0319893368877041,0.32285714285714284
Logistic Regression,0.032989003665444855,0.32285714285714284
Logistic Regression,0.032989003665444855,0.32571428571428573
Logistic Regression,0.03632122625791403,0.32571428571428573
Logistic Regression,0.03632122625791403,0.3314285714285714
Logistic Regression,0.042652449183605466,0.3314285714285714
Logistic Regression,0.042652449183605466,0.34
Logistic Regression,0.043652115961346216,0.34
Logistic Regression,0.043652115961346216,0.34285714285714286
Logistic Regression,0.04398533822059313,0.34285714285714286
Logistic Regression,0.04398533822059313,0.3457142857142857
Logistic Regression,0.04465178273908697,0.3457142857142857
Logistic Regression,0.04465178273908697,0.3485714285714286
Logistic Regression,0.049983338887037654,0.3485714285714286
Logistic Regression,0.049983338887037654,0.3514285714285714
Logistic Regression,0.05231589470176608,0.3514285714285714
Logistic Regression,0.05231589470176608,0.35428571428571426
Logistic Regression,0.052649116961012994,0.35428571428571426
Logistic Regression,0.052649116961012994,0.35714285714285715
Logistic Regression,0.05931356214595135,0.35714285714285715
Logistic Regression,0.05931356214595135,0.36
Logistic Regression,0.06164611796067977,0.36
Logistic Regression,0.06164611796067977,0.3628571428571429
Logistic Regression,0.06197934021992669,0.3628571428571429
Logistic Regression,0.06197934021992669,0.3657142857142857
Logistic Regression,0.06431189603465512,0.3657142857142857
Logistic Regression,0.06431189603465512,0.36857142857142855
Logistic Regression,0.06664445184938354,0.36857142857142855
Logistic Regression,0.06664445184938354,0.37142857142857144
Logistic Regression,0.06797734088637121,0.37142857142857144
Logistic Regression,0.06797734088637121,0.3742857142857143
Logistic Regression,0.07130956347884039,0.3742857142857143
Logistic Regression,0.07130956347884039,0.37714285714285717
Logistic Regression,0.0716427857380873,0.37714285714285717
Logistic Regression,0.0716427857380873,0.38
Logistic Regression,0.07197600799733422,0.38
Logistic Regression,0.07197600799733422,0.38285714285714284
Logistic Regression,0.07264245251582806,0.38285714285714284
Logistic Regression,0.07264245251582806,0.38571428571428573
Logistic Regression,0.07630789736754415,0.38571428571428573
Logistic Regression,0.07630789736754415,0.38857142857142857
Logistic Regression,0.08197267577474175,0.38857142857142857
Logistic Regression,0.08197267577474175,0.3914285714285714
Logistic Regression,0.08830389870043319,0.3914285714285714
Logistic Regression,0.08830389870043319,0.3942857142857143
Logistic Regression,0.09096967677440854,0.3942857142857143
Logistic Regression,0.09096967677440854,0.39714285714285713
Logistic Regression,0.09363545484838387,0.39714285714285713
Logistic Regression,0.09363545484838387,0.4
Logistic Regression,0.09663445518160613,0.4
Logistic Regression,0.09663445518160613,0.40285714285714286
Logistic Regression,0.10129956681106297,0.40285714285714286
Logistic Regression,0.10129956681106297,0.4057142857142857
Logistic Regression,0.10463178940353215,0.4057142857142857
Logistic Regression,0.10463178940353215,0.4085714285714286
Logistic Regression,0.10696434521826058,0.4085714285714286
Logistic Regression,0.10696434521826058,0.4114285714285714
Logistic Regression,0.10763078973675441,0.4114285714285714
Logistic Regression,0.10763078973675441,0.4142857142857143
Logistic Regression,0.11629456847717427,0.4142857142857143
Logistic Regression,0.11629456847717427,0.41714285714285715
Logistic Regression,0.11762745751416194,0.41714285714285715
Logistic Regression,0.11762745751416194,0.42
Logistic Regression,0.11829390203265579,0.42
Logistic Regression,0.11829390203265579,0.4257142857142857
Logistic Regression,0.12295901366211263,0.4257142857142857
Logistic Regression,0.12295901366211263,0.42857142857142855
Logistic Regression,0.12829056981006332,0.42857142857142855
Logistic Regression,0.12829056981006332,0.43142857142857144
Logistic Regression,0.1299566811062979,0.43142857142857144
Logistic Regression,0.1299566811062979,0.4342857142857143
Logistic Regression,0.13695434855048316,0.4342857142857143
Logistic Regression,0.13695434855048316,0.43714285714285717
Logistic Regression,0.1372875708097301,0.43714285714285717
Logistic Regression,0.1372875708097301,0.44
Logistic Regression,0.14361879373542152,0.44
Logistic Regression,0.14361879373542152,0.44285714285714284
Logistic Regression,0.14595134955014996,0.44285714285714284
Logistic Regression,0.14595134955014996,0.44571428571428573
Logistic Regression,0.14828390536487837,0.44571428571428573
Logistic Regression,0.14828390536487837,0.44857142857142857
Logistic Regression,0.15028323892035989,0.44857142857142857
Logistic Regression,0.15028323892035989,0.4514285714285714
Logistic Regression,0.15661446184605132,0.4514285714285714
Logistic Regression,0.15661446184605132,0.4542857142857143
Logistic Regression,0.15761412862379207,0.4542857142857143
Logistic Regression,0.15761412862379207,0.45714285714285713
Logistic Regression,0.1599466844385205,0.45714285714285713
Logistic Regression,0.1599466844385205,0.46
Logistic Regression,0.16094635121626125,0.46
Logistic Regression,0.16094635121626125,0.4657142857142857
Logistic Regression,0.16527824058647117,0.4657142857142857
Logistic Regression,0.16527824058647117,0.4685714285714286
Logistic Regression,0.1656114628457181,0.4685714285714286
Logistic Regression,0.1656114628457181,0.4714285714285714
Logistic Regression,0.16661112962345884,0.4714285714285714
Logistic Regression,0.16661112962345884,0.4742857142857143
Logistic Regression,0.1692769076974342,0.4742857142857143
Logistic Regression,0.1692769076974342,0.47714285714285715
Logistic Regression,0.17594135288237253,0.47714285714285715
Logistic Regression,0.17594135288237253,0.48
Logistic Regression,0.1789403532155948,0.48
Logistic Regression,0.1789403532155948,0.4828571428571429
Logistic Regression,0.18293902032655782,0.4828571428571429
Logistic Regression,0.18293902032655782,0.48857142857142855
Logistic Regression,0.18493835388203933,0.48857142857142855
Logistic Regression,0.18493835388203933,0.49142857142857144
Logistic Regression,0.1882705764745085,0.49142857142857144
Logistic Regression,0.1882705764745085,0.49714285714285716
Logistic Regression,0.19326891036321225,0.49714285714285716
Logistic Regression,0.19326891036321225,0.5
Logistic Regression,0.1939353548817061,0.5
Logistic Regression,0.1939353548817061,0.5057142857142857
Logistic Regression,0.19526824391869377,0.5057142857142857
Logistic Regression,0.19526824391869377,0.5085714285714286
Logistic Regression,0.1996001332889037,0.5085714285714286
Logistic Regression,0.1996001332889037,0.5171428571428571
Logistic Regression,0.19993335554815062,0.5171428571428571
Logistic Regression,0.19993335554815062,0.5228571428571429
Logistic Regression,0.20126624458513828,0.5228571428571429
Logistic Regression,0.20126624458513828,0.5257142857142857
Logistic Regression,0.20759746751082972,0.5257142857142857
Logistic Regression,0.20759746751082972,0.5285714285714286
Logistic Regression,0.20959680106631123,0.5285714285714286
Logistic Regression,0.20959680106631123,0.5314285714285715
Logistic Regression,0.21026324558480505,0.5314285714285715
Logistic Regression,0.21026324558480505,0.5342857142857143
Logistic Regression,0.21159613462179275,0.5342857142857143
Logistic Regression,0.21159613462179275,0.5371428571428571
Logistic Regression,0.21726091302899034,0.5371428571428571
Logistic Regression,0.21726091302899034,0.54
Logistic Regression,0.22059313562145952,0.54
Logistic Regression,0.22059313562145952,0.5428571428571428
Logistic Regression,0.2222592469176941,0.5428571428571428
Logistic Regression,0.2222592469176941,0.5457142857142857
Logistic Regression,0.2255914695101633,0.5457142857142857
Logistic Regression,0.2255914695101633,0.5485714285714286
Logistic Regression,0.22825724758413862,0.5485714285714286
Logistic Regression,0.22825724758413862,0.5514285714285714
Logistic Regression,0.23058980339886703,0.5514285714285714
Logistic Regression,0.23058980339886703,0.5542857142857143
Logistic Regression,0.23258913695434855,0.5542857142857143
Logistic Regression,0.23258913695434855,0.5571428571428572
Logistic Regression,0.23825391536154616,0.5571428571428572
Logistic Regression,0.23825391536154616,0.56
Logistic Regression,0.24791736087970676,0.56
Logistic Regression,0.24791736087970676,0.5628571428571428
Logistic Regression,0.24925024991669442,0.5628571428571428
Logistic Regression,0.24925024991669442,0.5657142857142857
Logistic Regression,0.2559146951016328,0.5657142857142857
Logistic Regression,0.2559146951016328,0.5685714285714286
Logistic Regression,0.25691436187937355,0.5685714285714286
Logistic Regression,0.25691436187937355,0.5714285714285714
Logistic Regression,0.263245584805065,0.5714285714285714
Logistic Regression,0.263245584805065,0.5742857142857143
Logistic Regression,0.2655781406197934,0.5742857142857143
Logistic Regression,0.2655781406197934,0.5771428571428572
Logistic Regression,0.27090969676774407,0.5771428571428572
Logistic Regression,0.27090969676774407,0.58
Logistic Regression,0.2725758080639787,0.58
Logistic Regression,0.2725758080639787,0.5828571428571429
Logistic Regression,0.2729090303232256,0.5828571428571429
Logistic Regression,0.2729090303232256,0.5857142857142857
Logistic Regression,0.28123958680439853,0.5857142857142857
Logistic Regression,0.28123958680439853,0.5885714285714285
Logistic Regression,0.28723758747084305,0.5885714285714285
Logistic Regression,0.28723758747084305,0.5914285714285714
Logistic Regression,0.28857047650783074,0.5914285714285714
Logistic Regression,0.28857047650783074,0.5942857142857143
Logistic Regression,0.2902365878040653,0.5942857142857143
Logistic Regression,0.2902365878040653,0.5971428571428572
Logistic Regression,0.2935688103965345,0.5971428571428572
Logistic Regression,0.2935688103965345,0.6
Logistic Regression,0.299566811062979,0.6
Logistic Regression,0.299566811062979,0.6028571428571429
Logistic Regression,0.30223258913695433,0.6028571428571429
Logistic Regression,0.30223258913695433,0.6085714285714285
Logistic Regression,0.31356214595134957,0.6085714285714285
Logistic Regression,0.31356214595134957,0.6142857142857143
Logistic Regression,0.315894701766078,0.6142857142857143
Logistic Regression,0.315894701766078,0.6171428571428571
Logistic Regression,0.31756081306231254,0.6171428571428571
Logistic Regression,0.31756081306231254,0.62
Logistic Regression,0.3252249250249917,0.62
Logistic Regression,0.3252249250249917,0.6228571428571429
Logistic Regression,0.33455514828390537,0.6228571428571429
Logistic Regression,0.33455514828390537,0.6257142857142857
Logistic Regression,0.3375541486171276,0.6257142857142857
Logistic Regression,0.3375541486171276,0.6285714285714286
Logistic Regression,0.34721759413528824,0.6285714285714286
Logistic Regression,0.34721759413528824,0.6314285714285715
Logistic Regression,0.3488837054315228,0.6314285714285715
Logistic Regression,0.3488837054315228,0.6342857142857142
Logistic Regression,0.3572142619126958,0.6342857142857142
Logistic Regression,0.3572142619126958,0.6371428571428571
Logistic Regression,0.3632122625791403,0.6371428571428571
Logistic Regression,0.3632122625791403,0.64
Logistic Regression,0.3665444851716095,0.64
Logistic Regression,0.3665444851716095,0.6428571428571429
Logistic Regression,0.38487170943018995,0.6428571428571429
Logistic Regression,0.38487170943018995,0.6457142857142857
Logistic Regression,0.38520493168943687,0.6457142857142857
Logistic Regression,0.38520493168943687,0.6485714285714286
Logistic Regression,0.4041986004665112,0.6485714285714286
Logistic Regression,0.4041986004665112,0.6514285714285715
Logistic Regression,0.4051982672442519,0.6514285714285715
Logistic Regression,0.4051982672442519,0.6542857142857142
Logistic Regression,0.4101966011329557,0.6542857142857142
Logistic Regression,0.4101966011329557,0.6571428571428571
Logistic Regression,0.43085638120626457,0.6571428571428571
Logistic Regression,0.43085638120626457,0.66
Logistic Regression,0.43752082639120293,0.66
Logistic Regression,0.43752082639120293,0.6628571428571428
Logistic Regression,0.4395201599466844,0.6628571428571428
Logistic Regression,0.4395201599466844,0.6657142857142857
Logistic Regression,0.4431856047984005,0.6657142857142857
Logistic Regression,0.4431856047984005,0.6685714285714286
Logistic Regression,0.44485171609463514,0.6685714285714286
Logistic Regression,0.44485171609463514,0.6714285714285714
Logistic Regression,0.4468510496501166,0.6714285714285714
Logistic Regression,0.4468510496501166,0.6742857142857143
Logistic Regression,0.4525158280573142,0.6742857142857143
Logistic Regression,0.4525158280573142,0.6771428571428572
Logistic Regression,0.45684771742752417,0.6771428571428572
Logistic Regression,0.45684771742752417,0.68
Logistic Regression,0.4651782739086971,0.68
Logistic Regression,0.4651782739086971,0.6828571428571428
Logistic Regression,0.47550816394535156,0.6828571428571428
Logistic Regression,0.47550816394535156,0.6857142857142857
Logistic Regression,0.4875041652782406,0.6857142857142857
Logistic Regression,0.4875041652782406,0.6885714285714286
Logistic Regression,0.49050316561146284,0.6885714285714286
Logistic Regression,0.49050316561146284,0.6914285714285714
Logistic Regression,0.4935021659446851,0.6914285714285714
Logistic Regression,0.4935021659446851,0.6942857142857143
Logistic Regression,0.4951682772409197,0.6942857142857143
Logistic Regression,0.4951682772409197,0.6971428571428572
Logistic Regression,0.5054981672775741,0.6971428571428572
Logistic Regression,0.5054981672775741,0.7
Logistic Regression,0.5168277240919693,0.7
Logistic Regression,0.5168277240919693,0.7028571428571428
Logistic Regression,0.5214928357214262,0.7028571428571428
Logistic Regression,0.5214928357214262,0.7057142857142857
Logistic Regression,0.5218260579806732,0.7057142857142857
Logistic Regression,0.5218260579806732,0.7085714285714285
Logistic Regression,0.52649116961013,0.7085714285714285
Logistic Regression,0.52649116961013,0.7114285714285714
Logistic Regression,0.5341552815728091,0.7114285714285714
Logistic Regression,0.5341552815728091,0.7142857142857143
Logistic Regression,0.5364878373875375,0.7142857142857143
Logistic Regression,0.5364878373875375,0.7171428571428572
Logistic Regression,0.538487170943019,0.7171428571428572
Logistic Regression,0.538487170943019,0.72
Logistic Regression,0.5411529490169943,0.72
Logistic Regression,0.5411529490169943,0.7228571428571429
Logistic Regression,0.5418193935354881,0.7228571428571429
Logistic Regression,0.5418193935354881,0.7257142857142858
Logistic Regression,0.5458180606464512,0.7257142857142858
Logistic Regression,0.5458180606464512,0.7285714285714285
Logistic Regression,0.5501499500166611,0.7285714285714285
Logistic Regression,0.5501499500166611,0.7314285714285714
Logistic Regression,0.5534821726091302,0.7314285714285714
Logistic Regression,0.5534821726091302,0.7342857142857143
Logistic Regression,0.5571476174608464,0.7342857142857143
Logistic Regression,0.5571476174608464,0.7371428571428571
Logistic Regression,0.5638120626457848,0.7371428571428571
Logistic Regression,0.5638120626457848,0.74
Logistic Regression,0.5658113962012662,0.74
Logistic Regression,0.5658113962012662,0.7428571428571429
Logistic Regression,0.5681439520159947,0.7428571428571429
Logistic Regression,0.5681439520159947,0.7457142857142857
Logistic Regression,0.5684771742752416,0.7457142857142857
Logistic Regression,0.5684771742752416,0.7485714285714286
Logistic Regression,0.5688103965344885,0.7485714285714286
Logistic Regression,0.5688103965344885,0.7514285714285714
Logistic Regression,0.5704765078307231,0.7514285714285714
Logistic Regression,0.5704765078307231,0.7542857142857143
Logistic Regression,0.5808063978673775,0.7542857142857143
Logistic Regression,0.5808063978673775,0.7571428571428571
Logistic Regression,0.5854715094968344,0.7571428571428571
Logistic Regression,0.5854715094968344,0.76
Logistic Regression,0.5894701766077974,0.76
Logistic Regression,0.5894701766077974,0.7628571428571429
Logistic Regression,0.5928023992002666,0.7628571428571429
Logistic Regression,0.5928023992002666,0.7657142857142857
Logistic Regression,0.5931356214595135,0.7657142857142857
Logistic Regression,0.5931356214595135,0.7685714285714286
Logistic Regression,0.5941352882372543,0.7685714285714286
Logistic Regression,0.5941352882372543,0.7714285714285715
Logistic Regression,0.5961346217927358,0.7714285714285715
Logistic Regression,0.5961346217927358,0.7742857142857142
Logistic Regression,0.5968010663112296,0.7742857142857142
Logistic Regression,0.5968010663112296,0.7771428571428571
Logistic Regression,0.6037987337554148,0.7771428571428571
Logistic Regression,0.6037987337554148,0.78
Logistic Regression,0.6091302899033656,0.78
Logistic Regression,0.6091302899033656,0.7828571428571428
Logistic Regression,0.611129623458847,0.7828571428571428
Logistic Regression,0.611129623458847,0.7857142857142857
Logistic Regression,0.6131289570143286,0.7857142857142857
Logistic Regression,0.6131289570143286,0.7885714285714286
Logistic Regression,0.6201266244585139,0.7885714285714286
Logistic Regression,0.6201266244585139,0.7914285714285715
Logistic Regression,0.623458847050983,0.7914285714285715
Logistic Regression,0.623458847050983,0.7942857142857143
Logistic Regression,0.6357880706431189,0.7942857142857143
Logistic Regression,0.6357880706431189,0.7971428571428572
Logistic Regression,0.6411196267910696,0.7971428571428572
Logistic Regression,0.6411196267910696,0.8
Logistic Regression,0.6427857380873042,0.8
Logistic Regression,0.6427857380873042,0.8028571428571428
Logistic Regression,0.6497834055314895,0.8028571428571428
Logistic Regression,0.6497834055314895,0.8057142857142857
Logistic Regression,0.6614461846051316,0.8057142857142857
Logistic Regression,0.6614461846051316,0.8085714285714286
Logistic Regression,0.6627790736421193,0.8085714285714286
Logistic Regression,0.6627790736421193,0.8114285714285714
Logistic Regression,0.676107964011996,0.8114285714285714
Logistic Regression,0.676107964011996,0.8142857142857143
Logistic Regression,0.6794401866044651,0.8142857142857143
Logistic Regression,0.6794401866044651,0.8171428571428572
Logistic Regression,0.6814395201599467,0.8171428571428572
Logistic Regression,0.6814395201599467,0.82
Logistic Regression,0.6904365211596135,0.82
Logistic Regression,0.6904365211596135,0.8228571428571428
Logistic Regression,0.6954348550483173,0.8228571428571428
Logistic Regression,0.6954348550483173,0.8257142857142857
Logistic Regression,0.6984338553815395,0.8257142857142857
Logistic Regression,0.6984338553815395,0.8285714285714286
Logistic Regression,0.7020993002332556,0.8285714285714286
Logistic Regression,0.7020993002332556,0.8314285714285714
Logistic Regression,0.7030989670109964,0.8314285714285714
Logistic Regression,0.7030989670109964,0.8342857142857143
Logistic Regression,0.7090969676774409,0.8342857142857143
Logistic Regression,0.7090969676774409,0.8371428571428572
Logistic Regression,0.7100966344551816,0.8371428571428572
Logistic Regression,0.7100966344551816,0.84
Logistic Regression,0.7167610796401199,0.84
Logistic Regression,0.7167610796401199,0.8428571428571429
Logistic Regression,0.7197600799733422,0.8428571428571429
Logistic Regression,0.7197600799733422,0.8457142857142858
Logistic Regression,0.7224258580473175,0.8457142857142858
Logistic Regression,0.7224258580473175,0.8485714285714285
Logistic Regression,0.7264245251582806,0.8485714285714285
Logistic Regression,0.7264245251582806,0.8514285714285714
Logistic Regression,0.7304231922692436,0.8514285714285714
Logistic Regression,0.7304231922692436,0.8542857142857143
Logistic Regression,0.7310896367877374,0.8542857142857143
Logistic Regression,0.7310896367877374,0.8571428571428571
Logistic Regression,0.7390869710096635,0.8571428571428571
Logistic Regression,0.7390869710096635,0.86
Logistic Regression,0.7444185271576141,0.86
Logistic Regression,0.7444185271576141,0.8628571428571429
Logistic Regression,0.7500833055648117,0.8628571428571429
Logistic Regression,0.7500833055648117,0.8657142857142858
Logistic Regression,0.7537487504165278,0.8657142857142858
Logistic Regression,0.7537487504165278,0.8685714285714285
Logistic Regression,0.7567477507497501,0.8685714285714285
Logistic Regression,0.7567477507497501,0.8714285714285714
Logistic Regression,0.7580806397867378,0.8714285714285714
Logistic Regression,0.7580806397867378,0.8742857142857143
Logistic Regression,0.7594135288237254,0.8742857142857143
Logistic Regression,0.7594135288237254,0.8771428571428571
Logistic Regression,0.7617460846384538,0.8771428571428571
Logistic Regression,0.7617460846384538,0.88
Logistic Regression,0.769410196601133,0.88
Logistic Regression,0.769410196601133,0.8828571428571429
Logistic Regression,0.7714095301566145,0.8828571428571429
Logistic Regression,0.7714095301566145,0.8857142857142857
Logistic Regression,0.7770743085638121,0.8857142857142857
Logistic Regression,0.7770743085638121,0.8885714285714286
Logistic Regression,0.7780739753415529,0.8885714285714286
Logistic Regression,0.7780739753415529,0.8914285714285715
Logistic Regression,0.7800733088970343,0.8914285714285715
Logistic Regression,0.7800733088970343,0.8942857142857142
Logistic Regression,0.7837387537487505,0.8942857142857142
Logistic Regression,0.7837387537487505,0.8971428571428571
Logistic Regression,0.8167277574141952,0.8971428571428571
Logistic Regression,0.8167277574141952,0.9
Logistic Regression,0.8173942019326891,0.9
Logistic Regression,0.8173942019326891,0.9028571428571428
Logistic Regression,0.8190603132289237,0.9028571428571428
Logistic Regression,0.8190603132289237,0.9057142857142857
Logistic Regression,0.8250583138953682,0.9057142857142857
Logistic Regression,0.8250583138953682,0.9085714285714286
Logistic Regression,0.8270576474508498,0.9085714285714286
Logistic Regression,0.8270576474508498,0.9114285714285715
Logistic Regression,0.8280573142285905,0.9114285714285715
Logistic Regression,0.8280573142285905,0.9142857142857143
Logistic Regression,0.8410529823392202,0.9142857142857143
Logistic Regression,0.8410529823392202,0.92
Logistic Regression,0.8493835388203932,0.92
Logistic Regression,0.8493835388203932,0.9228571428571428
Logistic Regression,0.850049983338887,0.9228571428571428
Logistic Regression,0.850049983338887,0.9257142857142857
Logistic Regression,0.8523825391536155,0.9257142857142857
Logistic Regression,0.8523825391536155,0.9285714285714286
Logistic Regression,0.8593802065978007,0.9285714285714286
Logistic Regression,0.8593802065978007,0.9314285714285714
Logistic Regression,0.862379206931023,0.9314285714285714
Logistic Regression,0.862379206931023,0.9342857142857143
Logistic Regression,0.8633788737087638,0.9342857142857143
Logistic Regression,0.8633788737087638,0.9371428571428572
Logistic Regression,0.866044651782739,0.9371428571428572
Logistic Regression,0.866044651782739,0.9428571428571428
Logistic Regression,0.8680439853382206,0.9428571428571428
Logistic Regression,0.8680439853382206,0.9457142857142857
Logistic Regression,0.8687104298567144,0.9457142857142857
Logistic Regression,0.8687104298567144,0.9485714285714286
Logistic Regression,0.870709763412196,0.9485714285714286
Logistic Regression,0.870709763412196,0.9514285714285714
Logistic Regression,0.8760413195601466,0.9514285714285714
Logistic Regression,0.8760413195601466,0.9542857142857143
Logistic Regression,0.8763745418193936,0.9542857142857143
Logistic Regression,0.8763745418193936,0.9571428571428572
Logistic Regression,0.8817060979673442,0.9571428571428572
Logistic Regression,0.8817060979673442,0.96
Logistic Regression,0.8823725424858381,0.96
Logistic Regression,0.8823725424858381,0.9628571428571429
Logistic Regression,0.8843718760413196,0.9628571428571429
Logistic Regression,0.8843718760413196,0.9657142857142857
Logistic Regression,0.886704431856048,0.9657142857142857
Logistic Regression,0.886704431856048,0.9714285714285714
Logistic Regression,0.8910363212262579,0.9714285714285714
Logistic Regression,0.8910363212262579,0.9742857142857143
Logistic Regression,0.9020326557814062,0.9742857142857143
Logistic Regression,0.9020326557814062,0.9771428571428571
Logistic Regression,0.9046984338553815,0.9771428571428571
Logistic Regression,0.9046984338553815,0.98
Logistic Regression,0.9093635454848384,0.98
Logistic Regression,0.9093635454848384,0.9828571428571429
Logistic Regression,0.9113628790403199,0.9828571428571429
Logistic Regression,0.9113628790403199,0.9857142857142858
Logistic Regression,0.9210263245584805,0.9857142857142858
Logistic Regression,0.9210263245584805,0.9885714285714285
Logistic Regression,0.923025658113962,0.9885714285714285
Logistic Regression,0.923025658113962,0.9914285714285714
Logistic Regression,0.9250249916694435,0.9914285714285714
Logistic Regression,0.9250249916694435,0.9942857142857143
Logistic Regression,0.9283572142619126,0.9942857142857143
Logistic Regression,0.9283572142619126,0.9971428571428571
Logistic Regression,0.9400199933355549,0.9971428571428571
Logistic Regression,0.9400199933355549,1.0
Logistic Regression,1.0,1.0
Decision Tree,0.0,0.0
Decision Tree,0.0,0.24571428571428572
Decision Tree,0.0026657780739753416,0.32857142857142857
Decision Tree,0.003998667110963012,0.3628571428571429
Decision Tree,0.004665111629456847,0.38571428571428573
Decision Tree,0.016661112962345886,0.44857142857142857
Decision Tree,0.0753082305898034,0.5914285714285714
Decision Tree,0.09130289903365545,0.6
Decision Tree,0.5418193935354881,0.9228571428571428
Decision Tree,0.5464845051649451,0.9228571428571428
Decision Tree,0.6497834055314895,0.9485714285714286
Decision Tree,0.6834388537154282,0.9571428571428572
Decision Tree,0.9606797734088637,1.0
Decision Tree,1.0,1.0
